{
  "agcgw":{
    "backurl":"connect-drcn.dbankcloud.cn",
    "url":"connect-drcn.hispace.hicloud.com"
  },
  "client":{
    "cp_id":"260086000252350999",
    "product_id":"9105385871708612325",
    "client_id":"329687640267818048",
    "client_secret":"877F49A805B764180F657BD7B578497012466A969173E5EECE496C1CA168048D",
    "app_id":"101957395",
    "package_name":"com.mlkit.sample.text",
    "api_key":"CV6pfM9nq2zAfELDI3ymLUbFBYLNBi4CoB1wBwBJqTrWorx3ZllUlKg2BU8xPcpaXhSrmHvYvwQwkB74+7SFPtJzMUu4"
  },
  "service":{
    "analytics":{
      "collector_url":"datacollector-drcn.dt.hicloud.com,datacollector-drcn.dt.dbankcloud.cn",
      "resource_id":"p1",
      "channel_id":""
    },
    "ml":{
      "mlservice_url":"ml-api-drcn.ai.dbankcloud.com,ml-api-drcn.ai.dbankcloud.cn"
    }
  },
  "region":"CN",
  "configuration_version":"1.0"
}
